Source Image,Target Image,Results,Comments
12066735\1697574089-52fd024c943b99a36e9752204329-image.png,1697574089\52fd024c943b99a36e9752204329\image.png,Successfully,
12066735\1697585965-a33696111de235a625c53ad65966-image.png,1697585965\a33696111de235a625c53ad65966\image.png,Successfully,
12066735\1697741997-040d0ccb9755c2f4d0e167950f7c-image.png,1697741997\040d0ccb9755c2f4d0e167950f7c\image.png,Successfully,
12066735\1697838120-9326ff107f052cc1a42d2621ef7b-image.png,1697838120\9326ff107f052cc1a42d2621ef7b\image.png,Successfully,
12066735\1699104780-94ca305bef8755077c2fe879c9e0-image.png,1699104780\94ca305bef8755077c2fe879c9e0\image.png,Successfully,
12066735\1699232093-1c113762dbce53bce5feea63c3d5-image.png,1699232093\1c113762dbce53bce5feea63c3d5\image.png,Successfully,
12066735\1699425493-4c1828db10860fa335e4354f8baa-image.png,1699425493\4c1828db10860fa335e4354f8baa\image.png,Successfully,
12066735\1704845624-08b5af0ab533e2c5a92e9dcacea4-image.png,1704845624\08b5af0ab533e2c5a92e9dcacea4\image.png,Successfully,
12066735\1704846889-d0a13d469e16795de2e9cf259fd9-image.png,1704846889\d0a13d469e16795de2e9cf259fd9\image.png,Successfully,
12066735\1705314984-a1a0ec5cf1dbca1dd1216aebd928-image.png,1705314984\a1a0ec5cf1dbca1dd1216aebd928\image.png,Successfully,
12066735\1705336983-d7747c8255d8bd2908d09c6f0b53-image.png,1705336983\d7747c8255d8bd2908d09c6f0b53\image.png,Successfully,
12066735\1705337925-4023e3eb4ef494cf75129e547e0d-image.png,1705337925\4023e3eb4ef494cf75129e547e0d\image.png,Successfully,
12066735\1705480324-f964fb120eec37c3697493115334-image.png,1705480324\f964fb120eec37c3697493115334\image.png,Successfully,
12066735\1705486326-19c02e892665f02c314fdbff4bff-image.png,1705486326\19c02e892665f02c314fdbff4bff\image.png,Successfully,
12066735\1705486770-842b9d471df4e14fae60dce77ab9-image.png,1705486770\842b9d471df4e14fae60dce77ab9\image.png,Successfully,
12066735\1705487906-fe114d66a4f08f14e60e4479edde-image.png,1705487906\fe114d66a4f08f14e60e4479edde\image.png,Successfully,
12066735\1706886495-7b85a14d6cfe5c7b40cc277d20d4-image.png,1706886495\7b85a14d6cfe5c7b40cc277d20d4\image.png,Successfully,
4042552\1638262371-dde550b0a1f6af355f18f1c7bc0a-image.png,1638262371\dde550b0a1f6af355f18f1c7bc0a\image.png,Successfully,
4042552\1638275232-bbd2255a3849acf61182d8f5f8cc-image.png,1638275232\bbd2255a3849acf61182d8f5f8cc\image.png,Successfully,
4042552\1638695286-809d4aff7cd8dea6b139777ec141-image.png,1638695286\809d4aff7cd8dea6b139777ec141\image.png,Successfully,
4042552\1638702678-75404f65d356aa764c7f93333f00-image.png,1638702678\75404f65d356aa764c7f93333f00\image.png,Successfully,
4042552\1638710983-087f6dcc6959572e660b46d7045b-image.png,1638710983\087f6dcc6959572e660b46d7045b\image.png,Successfully,
4042552\1638713418-1e043e69b2e3e7c8155083c97df8-image.png,1638713418\1e043e69b2e3e7c8155083c97df8\image.png,Successfully,
4042552\1638739806-b0ddb0af57af0ffc9e01663eaf8e-image.png,1638739806\b0ddb0af57af0ffc9e01663eaf8e\image.png,Successfully,
4042552\1638741343-620d90c6751b80e3339bb9edcac4-image.png,1638741343\620d90c6751b80e3339bb9edcac4\image.png,Successfully,
4042552\1644147444-7ba7b1dbaac96836213b13e39c9a-image.png,1644147444\7ba7b1dbaac96836213b13e39c9a\image.png,Successfully,
4042552\1644161831-7f4f01cad429331ee7cad3183afa-image.png,1644161831\7f4f01cad429331ee7cad3183afa\image.png,Successfully,
6183834\1706869731-a116570fa6167597d7547c87e124-image.png,1706869731\a116570fa6167597d7547c87e124\image.png,Successfully,
6183834\1706903436-c7b14785be46c0e4f755395b91fa-image.png,1706903436\c7b14785be46c0e4f755395b91fa\image.png,Successfully,
6183834\1706907597-dc0846eaa58d7bea48635fc1c915-image.png,1706907597\dc0846eaa58d7bea48635fc1c915\image.png,Successfully,
6183834\1706928150-bc4bc7280525b6827eb3ad36ff35-image.png,1706928150\bc4bc7280525b6827eb3ad36ff35\image.png,Successfully,
6183834\1706936375-5bb9a424899223e026539ff8acc8-image.png,1706936375\5bb9a424899223e026539ff8acc8\image.png,Successfully,
6183834\1706967086-14577eaa45759d94f6c8549346f7-image.png,1706967086\14577eaa45759d94f6c8549346f7\image.png,Successfully,
6183834\1708097558-c8ccc2cf2aaaa47b7e96328c7b42-Night+shiftt.gif,1708097558\c8ccc2cf2aaaa47b7e96328c7b42\Night+shiftt.gif,Successfully,
6187683\1680145730-0257c002cfc881f91e94d4bb59cb-image.png,1680145730\0257c002cfc881f91e94d4bb59cb\image.png,Successfully,
6386249\1707224984-3a6aefe53fccdf9c05110acaa911-image.png,1707224984\3a6aefe53fccdf9c05110acaa911\image.png,Successfully,
6386249\1707531791-0d808fbcda231b2522c26ed68923-image.png,1707531791\0d808fbcda231b2522c26ed68923\image.png,Successfully,
6386249\1708960225-386efdb2903117c129d84c84d704-image.png,1708960225\386efdb2903117c129d84c84d704\image.png,Successfully,
6386249\1708971829-0445524efcb0145d5dfe6c0f21f6-image.png,1708971829\0445524efcb0145d5dfe6c0f21f6\image.png,Successfully,
6386249\1708976847-541879adae25d9c7237e084dc749-image.png,1708976847\541879adae25d9c7237e084dc749\image.png,Successfully,
6386249\1708984164-fdcafcff87cc1ad0a39fd9c2cb60-image.png,1708984164\fdcafcff87cc1ad0a39fd9c2cb60\image.png,Successfully,
6386249\1708987821-1dce9f08d3f8d483e5bb57f408d5-image.png,1708987821\1dce9f08d3f8d483e5bb57f408d5\image.png,Successfully,
6386249\1708988536-bdf5b10c07d9267af331fd004380-image.png,1708988536\bdf5b10c07d9267af331fd004380\image.png,Successfully,
6386249\1708989498-b9f04531717e774a8e862b8c7ec2-image.png,1708989498\b9f04531717e774a8e862b8c7ec2\image.png,Successfully,
6386249\1708993096-3496c9d70957fa9cc1a9138ed2e1-image.png,1708993096\3496c9d70957fa9cc1a9138ed2e1\image.png,Successfully,
6386249\1708993815-6b0d54d92fbcf840f59cba0f49f1-image.png,1708993815\6b0d54d92fbcf840f59cba0f49f1\image.png,Successfully,
6386249\1708994447-0bf232e98c34f6be0f292d106f39-image.png,1708994447\0bf232e98c34f6be0f292d106f39\image.png,Successfully,
6386249\1708994812-32350faeb628799474df3f425b38-image.png,1708994812\32350faeb628799474df3f425b38\image.png,Successfully,
6386249\1711267107-eb25f71dd20cb5052b546f8d1275-Screenshot+2025-09-05+at+5_27_45%E2%80%AFPM.png,1711267107\eb25f71dd20cb5052b546f8d1275\Screenshot+2025-09-05+at+5_27_45%E2%80%AFPM.png,Successfully,
6401296\1708009549-3e2861a5d9388d04e7bae5ab42e1-image.png,1708009549\3e2861a5d9388d04e7bae5ab42e1\image.png,Successfully,
6401296\1708014055-bc9cc8607ff6a315de6cb6a1fcf7-image.png,1708014055\bc9cc8607ff6a315de6cb6a1fcf7\image.png,Successfully,
6401296\1708023549-0c2534d1d66a18ccbf6f98309883-image.png,1708023549\0c2534d1d66a18ccbf6f98309883\image.png,Successfully,
6401296\1708045789-bcec374563f4e89615b78cae8c94-image.png,1708045789\bcec374563f4e89615b78cae8c94\image.png,Successfully,
6401296\1711765254-13ecaeec0128f5deebcd9dfa7cc1-image.png,1711765254\13ecaeec0128f5deebcd9dfa7cc1\image.png,Successfully,
